"point_name","point_value","acc_lat","acc_long","grid_fromlat","grid_fromlong","grid_tolat","grid_tolong"
"Fatalities","1","-37.82411395942559","144.95641736082322","-37.823750000000004","144.9545","-37.825","144.95675"
"Fatalities","1","-37.82404714575244","144.9764208144362","-37.823750000000004","144.97475","-37.825","144.977"
"Fatalities","1","-37.822838950453686","144.96396113841465","-37.822500000000005","144.96349999999998","-37.823750000000004","144.96574999999999"
"Fatalities","1","-37.823295230737855","144.97610881823883","-37.822500000000005","144.97475","-37.823750000000004","144.977"
"Fatalities","1","-37.821346924450665","144.96723122802894","-37.82125","144.96574999999999","-37.8225","144.968"
"Fatalities","1","-37.82050161571305","144.95756752840916","-37.82","144.95675","-37.82125","144.959"
"Fatalities","1","-37.819751255428","144.96002643015441","-37.81875","144.959","-37.82","144.96125"
"Fatalities","1","-37.81830904356562","144.96497915098703","-37.8175","144.96349999999998","-37.81875","144.96574999999999"
"Fatalities","1","-37.81385008866364","144.95733216877085","-37.81375","144.95675","-37.815","144.959"
"Fatalities","1","-37.81345584539606","144.95090986378375","-37.8125","144.95","-37.81375","144.95225"
"Fatalities","1","-37.81366847321186","144.9656426473694","-37.8125","144.96349999999998","-37.81375","144.96574999999999"
"Fatalities","1","-37.81195622041605","144.95622941520358","-37.81125","144.9545","-37.8125","144.95675"
"Fatalities","1","-37.81212175291267","144.97473012068232","-37.81125","144.9725","-37.8125","144.97475"
"Fatalities","1","-37.810454403436516","144.96136796191908","-37.81","144.96124999999998","-37.81125","144.96349999999998"
"Fatalities","1","-37.809229700657134","144.95289746934284","-37.80875","144.95225","-37.81","144.9545"
"Fatalities","1","-37.80900513755609","144.95801847728845","-37.80875","144.95675","-37.81","144.959"
"Fatalities","1","-37.80821809202008","144.97285353594742","-37.8075","144.9725","-37.808749999999996","144.97475"
"Fatalities","1","-37.80601626328099","144.95599684512342","-37.805","144.9545","-37.80625","144.95675"
"Fatalities","1","-37.80503272827003","144.96622078337575","-37.805","144.96574999999999","-37.80625","144.968"
